Nombre,ID,Categor√≠a
Alex,12345678,comun
Jamie,23456789,honor
Casey,34567890,ecologico
Drew,45678901,comun
Jordan,56789012,honor
Taylor,67890123,ecologico
Morgan,78901234,comun
Reese,89012345,honor
Skyler,90123456,ecologico
Quinn,10234567,comun
Avery,11234568,honor
Riley,12234569,ecologico
Harper,13234560,comun
Devon,14234561,honor
Leslie,15234562,ecologico
Kendall,16234563,comun
Peyton,17234564,honor
Rowan,18234565,ecologico
Charlie,19234566,comun
Francis,20234567,honor
Blair,21234568,ecologico
Dakota,22234569,comun
Emerson,23234560,honor
Finley,24234561,ecologico
Marley,25234562,comun
Robin,26234563,honor
Skye,27234564,ecologico
Sloane,28234565,comun
Spencer,29234566,honor
Tatum,30234567,ecologico
Bailey,31234568,comun
Cameron,32234569,honor
Dylan,33234560,ecologico
Elliott,34234561,comun
Frankie,35234562,honor
Hayden,36234563,ecologico
Jamie,37234564,comun
Jessie,38234565,honor
Jordan,39234566,ecologico
Kai,40234567,comun
Keegan,41234568,honor
Kelly,42234569,ecologico
Kennedy,43234560,comun
Lane,44234561,honor
Logan,45234562,ecologico
London,46234563,comun
Micah,47234564,honor
Nico,48234565,ecologico
Noel,49234566,comun
Oakley,50234567,honor
Parker,51234568,ecologico
Quincy,52234569,comun
Reagan,53234560,honor
Reed,54234561,ecologico
Rory,55234562,comun
Ryan,56234563,honor
Sage,57234564,ecologico
Sam,58234565,comun
Shawn,59234566,honor
Sidney,60234567,ecologico
Stevie,61234568,comun
Terry,62234569,honor
Tristan,63234560,ecologico
Val,64234561,comun
Wesley,65234562,honor
Zion,66234563,ecologico
Adrian,67234564,comun
Alexis,68234565,honor
Angel,69234566,ecologico
Ariel,70234567,comun
Ashton,71234568,honor
Blake,72234569,ecologico
Brett,73234560,comun
Brook,74234561,honor
Casey,75234562,ecologico
Chris,76234563,comun
Corey,77234564,honor
Dana,78234565,ecologico
Darcy,79234566,comun
Eden,80234567,honor
Ellis,81234568,ecologico
Emery,82234569,comun
Erin,83234560,honor
Evan,84234561,ecologico
Gale,85234562,comun
